{"ZIPCODE":97210,"HISP_LAT_%":0.076290719,"WHITE_%":0.773740012,"BLACK_%":0.017516902,"NATIVE_%":0.00361094,"ASIAN_%":0.057083589,"NHPI_%":0.001843884,"OTHER_%":0.007606023,"lessthan5k_%":0.027832105,"5k10_%":0.03475252,"10k15k_%":0.026778998,"15k20k_%":0.02647811,"20k25k_%":0.046487137,"25k35k_%":0.097036257,"35k50k_%":0.087407853,"50k75k_%":0.129231232,"75k100k_%":0.113284188,"100k150k_%":0.16428464,"150kormore_%":0.24642696,"MEDIAN_HHLD_INC":79387.0,"SUPPSEC_%":0.006469084,"PUBASSIST_%":0.082593651,"lessthandhighschooldip_%":0.027459502,"highschoolorged_%":0.077736073,"somecollegeorassociate_%":0.191722639,"bachorhigher_%":0.703081786}
{"ZIPCODE":97229,"HISP_LAT_%":0.075147414,"WHITE_%":0.553436048,"BLACK_%":0.016983234,"NATIVE_%":0.00230972,"ASIAN_%":0.279204369,"NHPI_%":0.002364066,"OTHER_%":0.005937339,"lessthan5k_%":0.016638809,"5k10_%":0.009952895,"10k15k_%":0.013029935,"15k20k_%":0.015689105,"20k25k_%":0.015613129,"25k35k_%":0.049080687,"35k50k_%":0.069822215,"50k75k_%":0.101808236,"75k100k_%":0.096527883,"100k150k_%":0.175847136,"150kormore_%":0.435989971,"MEDIAN_HHLD_INC":137006.0,"SUPPSEC_%":0.012232184,"PUBASSIST_%":0.056450387,"lessthandhighschooldip_%":0.033666622,"highschoolorged_%":0.106945533,"somecollegeorassociate_%":0.216357275,"bachorhigher_%":0.64303057}
{"ZIPCODE":97233,"HISP_LAT_%":0.252084084,"WHITE_%":0.466426426,"BLACK_%":0.091099099,"NATIVE_%":0.009081081,"ASIAN_%":0.108348348,"NHPI_%":0.01390991,"OTHER_%":0.004492492,"lessthan5k_%":0.030145305,"5k10_%":0.04019374,"10k15k_%":0.070122172,"15k20k_%":0.055953155,"20k25k_%":0.062097882,"25k35k_%":0.10294224,"35k50k_%":0.14964216,"50k75k_%":0.19793248,"75k100k_%":0.127304272,"100k150k_%":0.115376274,"150kormore_%":0.04829032,"MEDIAN_HHLD_INC":48360.0,"SUPPSEC_%":0.099472276,"PUBASSIST_%":0.315983518,"lessthandhighschooldip_%":0.194522974,"highschoolorged_%":0.282775299,"somecollegeorassociate_%":0.365952519,"bachorhigher_%":0.156749208}
